14:28:09,47,48
14:28:10,0,3
14:28:12,0,3
14:28:13,1,5
14:28:14,1,3
14:28:15,0,2
14:28:16,0,3
14:28:17,1,3
14:28:18,0,3
14:28:19,0,3
14:28:20,0,3
14:28:21,0,2
14:28:22,1,4
14:28:23,0,3
14:28:24,0,3
14:28:25,0,2
14:28:26,11,14
14:28:27,43,45
14:28:28,9,11
14:28:29,0,3
14:28:30,23,23
14:28:31,0,3
14:28:32,0,2
14:28:33,1,4
14:28:34,0,3
14:28:35,0,3
14:28:36,0,2
14:28:37,0,2
14:28:38,501,6
14:28:41,160,163
14:28:43,1,3
14:28:44,0,3
14:28:45,1,3
14:28:46,0,5
14:28:47,0,3
14:28:48,1,4
14:28:49,1,3
14:28:50,1,3
14:28:51,0,3
14:28:52,1,3
14:28:53,1,3
14:28:54,1,4
14:28:55,1,3
14:28:56,0,3
14:28:57,1,4
14:28:58,0,3
14:28:59,0,3
14:29:00,0,2
14:29:01,0,3
14:29:02,0,3
14:29:03,12,16
14:29:04,1,3
14:29:05,0,3
14:29:06,0,3
14:29:07,0,3
14:29:08,1,4
14:29:09,0,3
14:29:10,0,3
14:29:11,0,3
14:29:13,1,3
14:29:14,1,3
14:29:15,206,208
14:29:16,156,652
14:29:20,1,3
14:29:21,1,4
14:29:22,125,127
14:29:24,45,47
14:29:25,1,4
14:29:26,118,120
14:29:27,259,259
14:29:29,217,217
14:29:31,152,152
14:29:33,3,5
14:29:34,29,29
14:29:35,0,3
14:29:36,1,3
14:29:37,2,4
14:29:38,160,160
14:29:40,175,174
14:29:41,237,241
14:29:43,2,4
14:29:44,2,4
14:29:45,1,4
14:29:46,0,3
14:29:47,1,3
14:29:48,0,3
14:29:49,1,3
14:29:51,1,3
14:29:52,0,3
14:29:53,1,3
14:29:54,1,4
14:29:55,0,6
14:29:56,2,5
14:29:57,1,3
14:29:58,0,3
14:29:59,1,3
14:30:00,1,2
14:30:01,0,3
14:30:02,0,3
14:30:03,0,3
14:30:04,1,3
14:30:05,1,2
14:30:06,1,3
14:30:07,1,3
14:30:08,1,3
14:30:09,1,3
14:30:10,1,3
14:30:11,0,2
14:30:12,154,156
14:30:14,2,3
14:30:15,2,503
14:30:18,1,3
14:30:19,80,85
14:30:20,86,87
14:30:21,0,4
14:30:22,1,3
14:30:23,0,4
14:30:24,1,4
14:30:25,2,5
14:30:26,121,124
14:30:28,3,3
14:30:29,30,32
14:30:30,0,3
14:30:31,0,2
14:30:32,0,3
14:30:33,2,4
14:30:34,0,3
14:30:35,0,3
14:30:36,2,4
14:30:37,0,3
14:30:38,0,3
14:30:39,0,2
14:30:40,1,3
14:30:41,0,3
14:30:42,0,3
14:30:43,3,6
14:30:44,1,3
14:30:45,0,3
14:30:46,7,9
14:30:47,0,3
14:30:48,0,3
14:30:49,0,2
14:30:50,1,3
14:30:51,0,3
14:30:52,10,13
14:30:54,0,3
14:30:55,0,3
14:30:56,1,3
14:30:57,1,3
14:30:58,0,3
14:30:59,2,5
14:31:00,1,3
14:31:01,12,13
14:31:02,1,3
14:31:03,1,3
14:31:04,1,3
14:31:05,1,3
14:31:06,1,3
14:31:07,32,34
14:31:08,166,167
14:31:10,3,5
14:31:11,1,5
14:31:12,1,4
14:31:13,2,4
14:31:14,1,5
14:31:15,2,4
14:31:16,1,3
14:31:17,1,3
14:31:18,0,3
14:31:19,0,3
14:31:20,0,3
14:31:21,30,31
14:31:22,0,3
14:31:23,0,3
14:31:24,0,3
14:31:25,0,3
14:31:26,0,3
14:31:27,0,2
14:31:28,1,3
14:31:29,1,4
14:31:30,2,5
14:31:31,0,3
14:31:32,0,3
14:31:33,0,3
14:31:34,0,3
14:31:35,0,3
14:31:36,1,3
14:31:37,0,3
14:31:38,0,3
14:31:39,0,2
14:31:40,0,3
14:31:41,0,3
14:31:42,0,2
14:31:43,62,71
14:31:45,2,4
14:31:46,2,4
14:31:47,1,4
14:31:48,0,3
14:31:49,1,4
14:31:50,1,3
14:31:51,1,3
14:31:52,1,3
14:31:53,0,3
14:31:54,0,3
14:31:55,0,2
14:31:56,1,3
14:31:57,0,3
14:31:58,0,3
14:31:59,0,3
14:32:00,0,3
14:32:01,1,3
14:32:02,0,3
14:32:03,0,3
14:32:04,99,99
14:32:05,1,3
14:32:07,0,3
14:32:08,0,3
14:32:09,1,3
14:32:10,0,3
14:32:11,0,3
14:32:12,0,2
14:32:13,0,3
14:32:14,1,3
14:32:15,0,5
14:32:16,0,3
14:32:17,0,3
14:32:18,0,3
14:32:19,1,4
14:32:20,1,3
14:32:21,23,24
14:32:22,1,3
14:32:23,0,3
14:32:24,1,3
14:32:25,0,3
14:32:26,0,3
14:32:27,0,2
14:32:28,2,4
14:32:29,0,2
14:32:30,0,3
14:32:31,1,3
14:32:32,0,3
14:32:33,1,3
14:32:34,0,4
14:32:35,1,3
14:32:36,18,20
14:32:37,11,56
14:32:38,1,3
14:32:39,1,3
14:32:40,0,2
14:32:42,2,3
14:32:43,15,18
14:32:44,2,4
14:32:45,2,8
14:32:46,1,3
14:32:47,0,7
14:32:48,1,3
14:32:49,0,3
14:32:50,1,3
14:32:51,0,3
14:32:52,1,4
14:32:53,3,5
14:32:54,1,3
14:32:55,0,3
14:32:56,1,3
14:32:57,40,41
14:32:58,34,34
14:32:59,0,3
14:33:00,0,3
14:33:01,1,3
14:33:02,0,3
14:33:03,0,4
14:33:04,0,2
14:33:05,0,2
14:33:06,0,3
14:33:07,1,3
14:33:08,0,3
14:33:09,0,5
14:33:10,36,40
14:33:12,65,66
14:33:13,67,70
14:33:14,69,70
14:33:15,65,68
14:33:17,3,6
14:33:18,0,3
14:33:19,0,3
14:33:20,0,2
14:33:21,54,61
14:33:22,22,123
14:33:24,9,11
14:33:25,2,4
14:33:26,1,3
14:33:27,0,3
14:33:28,0,3
14:33:29,0,3
14:33:30,1,3
14:33:31,3,4
14:33:32,0,3
14:33:33,0,3
14:33:34,0,3
14:33:35,0,3
14:33:36,1,3
14:33:37,1,3
14:33:38,0,3
14:33:39,0,3
14:33:40,1,3
14:33:41,0,3
14:33:42,12,15
14:33:43,0,3
14:33:44,1,3
14:33:45,0,3
14:33:46,0,5
14:33:47,32,33
14:33:48,1,3
14:33:49,1,2
14:33:50,20,22
14:33:51,203,204
14:33:53,9,14
14:33:54,72,72
14:33:56,0,3
14:33:57,1,615
14:34:00,7,11
14:34:01,1,4
14:34:02,6,8
14:34:03,0,3
14:34:04,1,3
14:34:05,0,2
14:34:06,1,3
14:34:07,1,5
14:34:08,0,2
14:34:09,0,3
14:34:10,0,3
14:34:11,1,4
14:34:12,549,550
14:34:16,0,4
14:34:17,0,3
14:34:18,0,2
14:34:19,0,3
14:34:20,2,7
14:34:21,0,2
14:34:22,0,3
14:34:23,0,2
14:34:24,0,2
14:34:25,0,3
14:34:26,2,4
14:34:27,0,4
14:34:28,0,3
14:34:29,0,3
14:34:30,2,4
14:34:31,1,4
14:34:32,0,3
14:34:33,1,3
14:34:34,2,4
14:34:35,1,4
14:34:36,0,3
14:34:37,8,10
14:34:38,0,3
14:34:39,1,3
14:34:40,1,3
14:34:41,0,3
14:34:42,1,4
14:34:43,0,3
14:34:44,0,2
14:34:45,0,3
14:34:46,0,3
14:34:47,0,3
14:34:48,0,3
14:34:49,0,4
14:34:50,36,38
14:34:51,9,11
14:34:52,0,3
14:34:53,13,15
14:34:54,0,3
14:34:56,1,3
14:34:57,0,3
14:34:58,0,3
14:34:59,14,17
14:35:00,0,2
14:35:01,0,3
14:35:02,1,3
14:35:03,0,3
14:35:04,1,4
14:35:05,0,3
14:35:06,0,3
14:35:07,0,3
14:35:08,19,24
14:35:09,7,9
14:35:10,1,3
14:35:11,0,3
14:35:12,1,3
14:35:13,0,3
14:35:14,1,3
14:35:15,0,3
14:35:16,0,2
14:35:17,0,3
14:35:18,1,3
14:35:19,0,2
14:35:20,0,2
14:35:21,1,3
14:35:22,0,2
14:35:23,1,3
14:35:24,0,2
14:35:25,1,3
14:35:26,1,3
14:35:27,0,3
14:35:28,0,2
14:35:29,1,3
14:35:30,0,2
14:35:31,0,3
14:35:32,8,31
14:35:33,0,2
14:35:34,0,2
14:35:35,0,2
14:35:36,0,3
14:35:37,1,3
14:35:38,0,2
14:35:40,0,2
14:35:41,0,3
14:35:42,0,3
14:35:43,1,3
14:35:44,1,3
14:35:45,1,3
14:35:46,0,3
14:35:47,0,2
14:35:48,0,3
14:35:49,2,4
14:35:50,0,2
14:35:51,0,2
14:35:52,0,2
14:35:53,0,2
14:35:54,0,2
14:35:55,0,2
14:35:56,0,3
14:35:57,1,4
14:35:58,1,3
14:35:59,1,3
14:36:00,0,2
14:36:01,0,2
14:36:02,0,2
14:36:03,0,2
14:36:04,0,2
14:36:05,1,2
14:36:06,0,3
14:36:07,0,8
14:36:08,0,2
14:36:09,0,3
14:36:10,0,2
14:36:11,1,3
14:36:12,10,12
14:36:13,18,21
14:36:14,0,3
14:36:15,2,5
14:36:16,14,17
14:36:17,1,2
14:36:18,0,4
14:36:19,0,2
14:36:20,0,2
14:36:21,0,2
14:36:22,0,3
14:36:23,0,2
14:36:24,0,2
14:36:25,0,3
14:36:27,0,3
14:36:28,0,2
14:36:29,0,2
14:36:30,0,3
14:36:31,0,2
14:36:32,0,2
14:36:33,0,2
14:36:34,0,2
14:36:35,0,2
14:36:36,0,3
14:36:37,7,9
14:36:38,1,3
14:36:39,0,5
14:36:40,0,3
14:36:41,0,3
14:36:42,0,3
14:36:43,0,3
14:36:44,0,2
14:36:45,1,3
14:36:46,0,2
14:36:47,0,2
14:36:48,0,2
14:36:49,0,2
14:36:50,0,2
14:36:51,1,3
14:36:52,0,3
14:36:53,0,2
14:36:54,1,3
14:36:55,1,6
14:36:56,0,3
14:36:57,1,3
14:36:58,0,2
14:36:59,0,2
14:37:00,0,2
14:37:01,0,3
14:37:02,0,2
14:37:03,0,2
14:37:04,0,2
14:37:05,1,3
14:37:06,0,3
14:37:07,1,3
14:37:08,0,2
14:37:09,0,4
14:37:10,0,3
14:37:11,0,3
14:37:12,0,2
14:37:13,0,3
14:37:14,1,3
14:37:15,0,3
14:37:16,0,3
14:37:17,0,2
14:37:18,0,3
14:37:19,1,46
14:37:21,0,4
14:37:22,0,3
14:37:23,0,2
14:37:24,0,2
14:37:25,0,2
14:37:26,0,2
14:37:27,0,2
14:37:28,10,12
14:37:29,1,3
14:37:30,19,22
14:37:31,1,3
14:37:32,1,3
14:37:33,0,3
14:37:34,1,3
14:37:35,0,2
14:37:36,0,3
14:37:37,0,3
14:37:38,0,3
14:37:39,0,3
14:37:40,1,3
14:37:41,0,4
14:37:42,1,3
14:37:43,0,3
14:37:44,0,3
14:37:45,1,3
14:37:46,0,2
14:37:47,1,3
14:37:48,0,2
14:37:49,1,3
14:37:50,1,4
14:37:51,0,3
14:37:52,1,3
14:37:53,0,3
14:37:54,1,3
14:37:55,0,2
14:37:56,33,37
14:37:57,1,3
14:37:58,0,2
14:37:59,1,3
14:38:00,1,3
14:38:01,0,3
14:38:02,0,3
14:38:03,0,2
14:38:04,0,4
14:38:05,0,5
14:38:07,1,4
14:38:08,1,5
14:38:09,0,3
14:38:10,12,13
14:38:11,0,2
14:38:12,0,2
14:38:13,1,3
14:38:14,0,2
14:38:15,0,2
14:38:16,0,2
14:38:17,0,2
14:38:18,0,3
14:38:19,22,31
14:38:20,0,2
14:38:21,0,2
14:38:22,0,3
14:38:23,0,3
14:38:24,0,2
14:38:25,0,3
14:38:26,0,2
14:38:27,4,6
14:38:28,9,13
14:38:29,0,3
14:38:30,0,2
14:38:31,0,2
14:38:32,0,2
14:38:33,0,3
14:38:34,10,11
14:38:35,0,2
14:38:36,0,2
14:38:37,0,3
14:38:38,1,3
14:38:39,0,2
14:38:40,9,16
14:38:41,19,22
14:38:42,2,4
14:38:43,1,4
14:38:44,0,3
14:38:45,2,4
14:38:46,2,4
14:38:48,2,5
14:38:49,0,3
14:38:50,0,3
14:38:51,1,3
14:38:52,1,3
14:38:53,26,60
14:38:54,1,3
14:38:55,1,3
14:38:56,0,3
14:38:57,0,2
14:38:58,1,3
14:38:59,0,2
14:39:00,1,3
14:39:01,16,18
14:39:02,1,3
14:39:03,0,3
14:39:04,0,3
14:39:05,0,2
14:39:06,0,2
14:39:07,0,2
14:39:08,1,3
14:39:09,0,2
14:39:10,0,3
14:39:11,0,3
14:39:12,0,3
14:39:13,0,3
14:39:14,0,3
14:39:15,0,3
14:39:16,0,2
14:39:17,0,2
14:39:18,0,2
14:39:19,0,3
14:39:20,0,2
14:39:21,0,2
14:39:22,3,5
14:39:23,0,2
14:39:24,1,3
14:39:25,0,3
14:39:26,0,3
14:39:27,0,3
14:39:28,1,3
14:39:30,0,3
14:39:31,0,2
14:39:32,0,3
14:39:33,0,2
14:39:34,0,3
14:39:35,0,2
14:39:36,0,2
14:39:37,0,3
14:39:38,0,3
14:39:39,0,2
14:39:40,0,3
14:39:41,0,3
14:39:42,0,5
14:39:43,1,4
14:39:44,0,2
14:39:45,0,2
14:39:46,0,2
14:39:47,0,2
14:39:48,8,10
14:39:49,0,3
14:39:50,3,543
14:39:53,58,60
14:39:54,1,4
14:39:55,6,7
14:39:56,2,3
14:39:57,504,504
14:40:00,1,3
14:40:01,0,2
14:40:02,0,3
14:40:03,2,3
14:40:04,0,6
14:40:05,1,3
14:40:06,0,3
14:40:07,2,4
14:40:09,0,3
14:40:10,1,3
14:40:11,2,4
14:40:12,1,2
14:40:13,1,3
14:40:14,1,3
14:40:15,1,3
14:40:16,1,3
14:40:17,1,3
14:40:18,0,3
14:40:19,3,5
14:40:20,1,3
14:40:21,2,4
14:40:22,0,3
14:40:23,2,4
14:40:24,0,3
14:40:25,0,2
14:40:26,3,4
14:40:27,0,2
14:40:28,0,3
14:40:29,0,3
14:40:30,1,3
14:40:31,1,3
14:40:32,0,3
14:40:33,0,3
14:40:34,1,3
14:40:35,1,3
14:40:36,1,3
14:40:37,0,2
14:40:38,0,3
14:40:39,0,2
14:40:40,1,3
14:40:41,0,3
14:40:42,0,3
14:40:43,0,4
14:40:44,0,3
14:40:45,0,2
14:40:46,0,3
14:40:47,0,3
14:40:48,0,2
14:40:49,1,4
14:40:50,7,8
14:40:51,1,3
14:40:52,1,3
14:40:53,1,3
14:40:54,2,6
14:40:55,1,4
14:40:56,4,7
14:40:57,0,2
14:40:58,0,2
14:40:59,0,2
14:41:00,0,3
14:41:01,0,3
14:41:02,1,7
14:41:04,1,3
14:41:05,1,3
14:41:06,1,3
14:41:07,0,3
14:41:08,0,3
14:41:09,0,3
14:41:10,0,3
14:41:11,0,3
14:41:12,0,2
14:41:13,10,13
14:41:14,0,3
14:41:15,0,3
14:41:16,0,2
14:41:17,0,3
14:41:18,0,3
14:41:19,0,2
14:41:20,0,2
14:41:21,1,3
14:41:22,0,2
14:41:23,0,2
14:41:24,0,2
14:41:25,0,2
14:41:26,0,4
14:41:27,0,3
14:41:28,0,2
14:41:29,0,2
14:41:30,0,2
14:41:31,0,2
14:41:32,1,3
14:41:33,0,3
14:41:34,0,2
14:41:35,0,2
14:41:36,0,3
14:41:37,0,3
14:41:38,0,2
14:41:39,1,3
14:41:40,0,2
14:41:41,0,2
14:41:42,0,3
14:41:43,0,3
14:41:44,0,3
14:41:45,1,3
14:41:46,1,2
14:41:47,1,3
14:41:48,1,3
14:41:49,0,3
14:41:50,1,3
14:41:51,0,3
14:41:52,1,4
14:41:53,1,4
14:41:54,0,3
14:41:55,3,5
14:41:56,1,3
14:41:57,1,3
14:41:58,1,4
14:41:59,1,4
14:42:00,1,3
14:42:01,1,3
14:42:02,1,3
14:42:03,0,2
14:42:04,1,3
14:42:06,0,2
14:42:07,0,2
14:42:08,0,3
14:42:09,0,3
14:42:10,1,3
14:42:11,0,3
14:42:12,0,2
14:42:13,0,3
14:42:14,1,3
14:42:15,0,3
14:42:16,0,2
14:42:17,0,2
14:42:18,0,3
14:42:19,0,3
14:42:20,0,2
14:42:21,1,4
14:42:22,0,3
14:42:23,0,2
14:42:24,0,3
14:42:25,0,2
14:42:26,4,6
14:42:27,0,3
14:42:28,0,3
14:42:29,0,3
14:42:30,0,3
14:42:31,0,2
14:42:32,0,2
14:42:33,0,3
14:42:34,0,2
14:42:35,0,2
14:42:36,0,3
14:42:37,0,3
14:42:38,0,3
14:42:39,0,2
14:42:40,0,3
14:42:41,1,3
14:42:42,1,3
14:42:43,0,3
14:42:44,0,3
14:42:45,1,3
14:42:46,0,3
14:42:47,0,2
14:42:48,2,4
14:42:49,1,4
14:42:50,2,4
14:42:51,0,3
14:42:52,1,3
14:42:53,0,2
14:42:54,0,2
14:42:55,1,3
14:42:56,0,3
14:42:57,1,3
14:42:58,0,2
14:42:59,0,2
14:43:00,1,3
14:43:01,0,3
14:43:02,0,3
14:43:03,1,3
14:43:04,0,3
14:43:05,3,6
14:43:07,2,3
14:43:08,1,4
14:43:09,1,3
14:43:10,0,3
14:43:11,1,3
14:43:12,0,3
14:43:13,0,2
14:43:14,0,2
14:43:15,0,3
14:43:16,1,3
14:43:17,0,3
14:43:18,0,2
14:43:19,0,3
14:43:20,0,3
14:43:21,0,3
14:43:22,1,3
14:43:23,0,3
14:43:24,0,3
14:43:25,1,3
14:43:26,1,3
14:43:27,0,2
14:43:28,1,3
14:43:29,1,3
14:43:30,0,3
14:43:31,1,3
14:43:32,1,3
14:43:33,0,3
14:43:34,1,3
14:43:35,1,3
14:43:36,0,2
14:43:37,0,2
14:43:38,1,4
14:43:39,1,3
14:43:40,0,3
14:43:41,1,4
14:43:42,0,3
14:43:43,0,3
14:43:44,10,12
14:43:45,0,3
14:43:46,0,3
14:43:47,0,3
14:43:48,0,2
14:43:49,0,2
14:43:50,0,2
14:43:51,0,3
14:43:52,0,2
14:43:53,1,3
14:43:54,0,2
14:43:55,0,2
14:43:56,1,3
14:43:57,1,4
14:43:58,0,3
14:43:59,0,2
14:44:00,0,3
14:44:01,0,4
14:44:02,0,3
14:44:03,1,3
14:44:04,1,3
14:44:05,0,3
14:44:06,0,3
14:44:08,0,3
14:44:09,0,2
14:44:10,0,3
14:44:11,0,3
14:44:12,1,3
14:44:13,1,3
14:44:14,0,2
14:44:15,1,3
14:44:16,1,4
14:44:17,0,4
14:44:18,1,3
14:44:19,0,3
14:44:20,1,3
14:44:21,1,3
14:44:22,1,3
14:44:23,2,5
14:44:24,1,3
14:44:25,0,4
14:44:26,1,3
14:44:27,0,3
14:44:28,0,3
14:44:29,0,2
14:44:30,0,2
14:44:31,0,3
14:44:32,1,3
14:44:33,0,3
14:44:34,0,3
14:44:35,0,2
14:44:36,1,3
14:44:37,0,2
14:44:38,0,2
14:44:39,0,7
14:44:40,1,3
14:44:41,0,3
14:44:42,0,2
14:44:43,0,3
14:44:44,1,3
14:44:45,1,3
14:44:46,0,3
14:44:47,1,3
14:44:48,1,3
14:44:49,0,3
14:44:50,1,3
14:44:51,1,3
14:44:52,1,3
14:44:53,1,3
14:44:54,0,3
14:44:55,0,3
14:44:56,1,3
14:44:57,1,3
14:44:58,3,5
14:44:59,0,3
14:45:00,0,2
14:45:01,0,2
14:45:02,1,4
14:45:03,0,3
14:45:04,0,2
14:45:05,0,2
14:45:06,1,3
14:45:07,0,2
14:45:08,0,2
14:45:10,0,3
14:45:11,0,2
14:45:12,3,6
14:45:13,1,3
14:45:14,1,4
14:45:15,0,4
14:45:16,0,3
14:45:17,1,502
14:45:20,0,3
14:45:21,0,3
14:45:22,0,3
14:45:23,0,3
14:45:24,0,3
14:45:25,0,2
14:45:26,1,3
14:45:27,0,2
14:45:28,0,2
14:45:29,1,3
14:45:30,0,3
14:45:31,0,3
14:45:32,2,3
14:45:33,0,3
14:45:34,1,3
14:45:35,1,3
14:45:36,1,3
14:45:37,0,2
14:45:38,0,3
14:45:39,1,3
14:45:40,0,3
14:45:41,1,2
14:45:42,0,3
14:45:43,0,3
14:45:44,0,3
14:45:45,1,3
14:45:46,0,3
14:45:47,1,3
14:45:48,1,3
14:45:49,0,3
14:45:50,1,3
14:45:51,0,3
14:45:52,1,3
14:45:53,0,2
14:45:54,0,2
14:45:55,0,3
14:45:56,0,2
14:45:57,1,3
14:45:58,0,3
14:45:59,1,3
14:46:00,0,3
14:46:01,0,3
14:46:02,0,3
14:46:03,1,3
14:46:04,0,3
14:46:05,0,3
14:46:06,0,3
14:46:07,0,3
14:46:08,0,2
14:46:09,0,3
14:46:10,3,5
14:46:11,20,22
14:46:13,0,3
14:46:14,1,3
14:46:15,0,3
14:46:16,1,3
14:46:17,1,4
14:46:18,0,3
14:46:19,0,2
14:46:20,0,3
14:46:21,1,3
14:46:22,0,3
14:46:23,0,3
14:46:24,0,2
14:46:25,0,2
14:46:26,0,2
14:46:27,0,3
14:46:28,0,2
14:46:29,0,2
14:46:30,0,2
14:46:31,1,3
14:46:32,0,2
14:46:33,0,3
14:46:34,0,2
14:46:35,1,5
14:46:36,0,3
14:46:37,1,3
14:46:38,0,2
14:46:39,0,2
14:46:40,0,3
14:46:41,0,3
14:46:42,0,3
14:46:43,0,3
14:46:44,0,3
14:46:45,0,3
14:46:46,0,3
14:46:47,0,3
14:46:48,0,2
14:46:49,0,2
14:46:50,2,4
14:46:51,0,2
14:46:52,1,4
14:46:53,0,3
14:46:54,0,2
14:46:55,0,3
14:46:56,0,3
14:46:57,0,2
14:46:58,0,3
14:46:59,1,3
14:47:00,0,3
14:47:01,0,3
14:47:02,0,2
14:47:03,0,3
14:47:04,0,2
14:47:05,0,3
14:47:06,0,2
14:47:07,1,3
14:47:08,0,3
14:47:09,1,4
14:47:11,0,3
14:47:12,0,2
14:47:13,0,2
14:47:14,0,2
14:47:15,1,3
14:47:16,0,3
14:47:17,0,3
14:47:18,0,2
14:47:19,0,3
14:47:20,1,3
14:47:21,1,4
14:47:22,0,3
14:47:23,0,3
14:47:24,0,2
14:47:25,0,3
14:47:26,0,3
14:47:27,0,3
14:47:28,0,3
14:47:29,1,3
14:47:30,1,3
14:47:31,0,2
14:47:32,1,3
14:47:33,0,3
14:47:34,0,3
14:47:35,0,3
14:47:36,0,3
14:47:37,0,4
14:47:38,1,4
14:47:39,0,3
14:47:40,2,4
14:47:41,1,3
14:47:42,1,3
14:47:43,0,2
14:47:44,0,3
14:47:45,0,3
14:47:46,0,2
14:47:47,0,4
14:47:48,0,3
14:47:49,0,3
14:47:50,0,2
14:47:51,0,3
14:47:52,0,3
14:47:53,0,2
14:47:54,0,3
14:47:55,0,2
14:47:56,0,2
14:47:57,1,3
14:47:58,0,3
14:47:59,0,3
14:48:00,0,3
14:48:01,1,3
14:48:02,8,9
14:48:03,1,4
14:48:04,0,3
14:48:05,1,3
14:48:06,0,3
14:48:07,2,4
14:48:08,2,4
14:48:09,5,7
14:48:11,2,5
14:48:12,0,4
14:48:13,1,4
14:48:14,1,3
14:48:15,0,3
14:48:16,0,3
14:48:17,206,207
14:48:18,1,3
14:48:19,0,2
14:48:20,0,3
14:48:22,0,2
14:48:23,1,3
14:48:24,0,3
14:48:25,1,3
14:48:26,1,3
14:48:27,1,3
14:48:28,0,3
14:48:29,1,3
14:48:30,1,3
14:48:31,1,3
14:48:32,0,3
14:48:33,1,4
14:48:34,1,3
14:48:35,1,4
14:48:36,0,3
14:48:37,0,2
14:48:38,0,2
14:48:39,0,3
14:48:40,0,3
14:48:41,1,3
14:48:42,1,3
14:48:43,1,3
14:48:44,0,3
14:48:45,0,3
14:48:46,0,3
14:48:47,0,3
14:48:48,0,3
14:48:49,0,3
14:48:50,0,2
14:48:51,1,3
14:48:52,0,3
14:48:53,1,3
14:48:54,1,4
14:48:55,0,3
14:48:56,1,3
14:48:57,0,3
14:48:58,0,3
14:48:59,0,3
14:49:00,1,3
14:49:01,0,3
14:49:02,1,3
14:49:03,1,3
14:49:04,0,3
14:49:05,0,2
14:49:06,1,3
14:49:07,0,3
14:49:08,0,3
14:49:09,1,3
14:49:10,1,3
14:49:11,25,27
14:49:12,0,3
14:49:13,1,3
14:49:14,0,3
14:49:15,0,2
14:49:17,0,3
14:49:18,0,3
14:49:19,0,3
14:49:20,1,3
14:49:21,0,3
14:49:22,1,3
14:49:23,0,2
14:49:24,0,2
14:49:25,0,3
14:49:26,0,2
14:49:27,0,2
14:49:28,0,2
14:49:29,0,3
14:49:30,0,2
14:49:31,0,2
14:49:32,0,3
14:49:33,0,2
14:49:34,0,2
14:49:35,0,2
14:49:36,0,3
14:49:37,0,2
14:49:38,0,3
14:49:39,0,3
14:49:40,0,2
14:49:41,0,2
14:49:42,0,2
14:49:43,0,2
14:49:44,0,2
14:49:45,1,3
14:49:46,0,3
14:49:47,0,3
14:49:48,0,2
14:49:49,0,2
14:49:50,0,3
14:49:51,0,2
14:49:52,1,3
14:49:53,0,3
14:49:54,0,2
14:49:55,1,3
14:49:56,0,3
14:49:57,0,2
14:49:58,3,4
14:49:59,0,2
14:50:00,0,3
14:50:01,0,3
14:50:02,0,3
14:50:03,0,3
14:50:04,1,3
14:50:05,0,2
14:50:06,2,4
14:50:07,2,4
14:50:08,1,3
14:50:09,0,3
14:50:10,0,3
14:50:11,1,3
14:50:12,0,3
14:50:13,0,2
14:50:14,0,2
14:50:15,0,2
14:50:16,1,3
14:50:17,0,3
14:50:18,0,2
14:50:19,0,3
14:50:20,0,3
14:50:22,0,2
14:50:23,0,3
14:50:24,0,2
14:50:25,0,2
14:50:26,0,3
14:50:27,0,2
14:50:28,0,3
14:50:29,0,3
14:50:30,0,3
14:50:31,0,3
14:50:32,0,3
14:50:33,1,3
14:50:34,0,3
14:50:35,0,3
14:50:36,0,2
14:50:37,0,2
14:50:38,0,2
14:50:39,0,3
14:50:40,0,3
14:50:41,0,3
14:50:42,0,3
14:50:43,0,2
14:50:44,0,3
14:50:45,1,3
14:50:46,0,2
14:50:47,1,3
14:50:48,0,3
14:50:49,0,2
14:50:50,0,2
14:50:51,0,3
14:50:52,0,3
14:50:53,0,3
14:50:54,0,3
14:50:55,0,3
14:50:56,0,3
14:50:57,0,2
14:50:58,0,3
14:50:59,0,3
14:51:00,0,2
14:51:01,0,2
14:51:02,0,3
14:51:03,0,3
14:51:04,0,2
14:51:05,0,5
14:51:06,0,3
14:51:07,1,3
14:51:08,0,2
14:51:09,1,3
14:51:10,1,3
14:51:11,1,3
14:51:12,1,3
14:51:13,0,3
14:51:14,3,4
14:51:15,0,3
14:51:16,0,3
14:51:17,0,3
14:51:18,0,3
14:51:19,1,3
14:51:20,4,6
14:51:21,2,4
14:51:22,1,4
14:51:24,0,3
14:51:25,1,4
14:51:26,0,2
14:51:27,1,3
14:51:28,0,3
14:51:29,0,3
14:51:30,0,3
14:51:31,0,2
14:51:32,1,3
14:51:33,1,3
14:51:34,1,3
14:51:35,1,3
14:51:36,1,3
14:51:37,0,3
14:51:38,1,3
14:51:39,2,4
14:51:40,0,3
14:51:41,0,2
14:51:42,0,2
14:51:43,1,4
14:51:44,1,3
14:51:45,1,3
14:51:46,0,3
14:51:47,1,4
14:51:48,1,3
14:51:49,1,3
14:51:50,1,3
14:51:51,0,2
14:51:52,1,3
14:51:53,154,155
14:51:55,1,4
14:51:56,1,3
14:51:57,2,3
14:51:58,1,3
14:51:59,2,4
14:52:00,2,5
14:52:01,112,114
14:52:02,0,2
14:52:03,1,3
14:52:04,0,3
14:52:05,1,3
14:52:06,0,3
14:52:07,0,3
14:52:08,0,2
14:52:09,0,3
14:52:10,0,3
14:52:11,0,2
14:52:12,0,3
14:52:13,0,2
14:52:14,1,3
14:52:15,1,3
14:52:16,17,20
14:52:18,1,3
14:52:19,1,3
14:52:20,27,29
14:52:21,0,3
14:52:22,0,3
14:52:23,0,3
14:52:24,0,2
14:52:25,0,3
14:52:26,0,2
14:52:27,1,3
14:52:28,0,3
14:52:29,1,3
14:52:30,0,2
14:52:31,0,3
14:52:32,0,3
14:52:33,0,3
14:52:34,0,3
14:52:35,0,2
14:52:36,1,3
14:52:37,0,2
14:52:38,1,3
14:52:39,0,3
14:52:40,1,3
14:52:41,0,3
14:52:42,1,3
14:52:43,0,3
14:52:44,0,3
14:52:45,0,3
14:52:46,1,3
14:52:47,0,3
14:52:48,1,3
14:52:49,1,4
14:52:50,1,3
14:52:51,1,3
14:52:52,0,2
14:52:53,0,2
14:52:54,0,3
14:52:55,0,5
14:52:56,0,3
14:52:57,0,2
14:52:58,1,3
14:52:59,0,3
14:53:00,0,3
14:53:01,1,3
14:53:02,0,3
14:53:03,1,3
14:53:04,0,2
14:53:05,1,3
14:53:06,0,3
14:53:07,1,2
14:53:08,1,3
14:53:09,2,4
14:53:10,0,3
14:53:11,0,3
14:53:12,0,3
14:53:14,0,2
14:53:15,1,3
14:53:16,0,3
14:53:17,0,3
14:53:18,1,3
14:53:19,0,2
14:53:20,1,3
14:53:21,1,4
14:53:22,1,3
14:53:23,1,3
14:53:24,0,3
14:53:25,0,2
14:53:26,0,3
14:53:27,1,5
14:53:28,0,3
14:53:29,0,4
14:53:30,0,2
14:53:31,0,3
14:53:32,0,2
14:53:33,1,3
14:53:34,1,3
14:53:35,0,3
14:53:36,0,3
14:53:37,1,3
14:53:38,0,3
14:53:39,0,3
14:53:40,0,3
14:53:41,0,3
14:53:42,0,2
14:53:43,1,3
14:53:44,0,3
14:53:45,1,3
14:53:46,2,3
14:53:47,0,3
14:53:48,1,3
14:53:49,0,3
14:53:50,1,4
14:53:51,2,4
14:53:52,0,3
14:53:53,0,3
14:53:54,120,121
14:53:56,2,4
14:53:57,48,50
14:53:58,263,265
14:54:00,0,3
14:54:01,1,3
14:54:02,1,4
14:54:03,1,3
14:54:04,0,3
14:54:05,1,3
14:54:06,1,3
14:54:07,0,3
14:54:08,1,2
14:54:09,1,3
14:54:10,1,3
14:54:11,2,5
14:54:12,1,4
14:54:13,0,3
14:54:14,0,3
14:54:15,1,3
14:54:16,1,3
14:54:17,2,3
14:54:18,1,3
14:54:19,2,4
14:54:20,1,3
14:54:21,1,502
14:54:24,1,3
14:54:25,1,7
14:54:26,2,3
14:54:27,0,5
14:54:28,1,5
14:54:29,0,3
14:54:30,1,3
14:54:31,1,3
14:54:32,2,8
14:54:34,2,3
14:54:35,2,5
14:54:36,2,4
14:54:37,0,3
14:54:38,0,3
14:54:39,1,3
14:54:40,0,3
14:54:41,1,3
14:54:42,1,3
14:54:43,12,13
14:54:44,0,3
14:54:45,0,4
14:54:46,0,4
14:54:47,0,3
14:54:48,1,4
14:54:49,78,80
14:54:50,1,686
14:54:54,365,368
14:54:56,1,3
14:54:57,1,3
14:54:58,0,3
14:54:59,0,3
14:55:00,1,4
14:55:01,1,4
14:55:03,0,3
14:55:04,0,2
14:55:05,25,27
14:55:06,1,3
14:55:07,0,3
14:55:08,0,3
14:55:09,1,3
14:55:10,1,3
14:55:11,1,7
14:55:12,0,3
14:55:13,1,3
14:55:14,0,3
14:55:15,1,3
14:55:16,0,2
14:55:17,2,4
14:55:18,0,4
14:55:19,1,3
14:55:20,1,3
14:55:21,0,3
14:55:22,1,3
14:55:23,0,4
14:55:24,1,3
14:55:25,1,3
14:55:26,1,3
14:55:27,0,3
14:55:28,0,3
14:55:29,1,3
14:55:30,105,107
14:55:32,0,3
14:55:33,1,3
14:55:34,1,3
14:55:35,1,2
14:55:36,2,5
14:55:37,1,3
14:55:38,1,3
14:55:39,1,4
14:55:40,1,3
14:55:41,0,3
14:55:42,87,89
14:55:43,0,3
14:55:44,1,3
14:55:45,1,3
14:55:46,0,3
14:55:47,0,2
14:55:48,1,2
14:55:49,0,3
14:55:50,0,2
14:55:51,0,3
14:55:52,0,3
14:55:53,0,3
14:55:54,1,3
14:55:55,0,3
14:55:56,0,3
14:55:57,2,5
14:55:58,0,3
14:55:59,0,3
14:56:00,0,4
14:56:01,0,4
14:56:02,0,3
14:56:03,1,3
14:56:04,0,3
14:56:05,0,3
14:56:06,1,3
14:56:07,1,3
14:56:08,0,2
14:56:09,0,3
14:56:10,1,3
14:56:12,0,3
14:56:13,0,3
14:56:14,1,3
14:56:15,9,9
14:56:16,1,3
14:56:17,61,63
14:56:18,1,5
14:56:19,1,3
14:56:20,0,3
14:56:21,0,2
14:56:22,0,2
14:56:23,0,3
14:56:24,0,3
14:56:25,0,2
14:56:26,0,3
14:56:27,0,3
14:56:28,0,2
14:56:29,0,2
14:56:30,0,3
14:56:31,1,5
14:56:32,1,3
14:56:33,0,3
14:56:34,1,3
14:56:35,0,3
14:56:36,0,3
14:56:37,1,2
14:56:38,0,2
14:56:39,1,3
14:56:40,0,3
14:56:41,501,503
14:56:44,1,3
14:56:45,1,3
14:56:46,1,3
14:56:47,0,3
14:56:48,0,3
14:56:49,1,3
14:56:50,0,3
14:56:51,0,2
14:56:52,1,3
14:56:53,0,3
14:56:54,0,2
14:56:55,2,4
14:56:56,1,4
14:56:58,1,3
14:56:59,2,4
14:57:00,1,3
14:57:01,0,3
14:57:02,0,3
14:57:03,1,4
14:57:04,0,3
14:57:05,0,3
14:57:06,0,3
14:57:07,0,3
14:57:08,0,3
14:57:09,0,3
14:57:10,0,3
14:57:11,1,3
14:57:12,0,2
14:57:13,1,3
14:57:14,0,5
14:57:15,1,3
14:57:16,0,3
14:57:17,2,3
14:57:18,1,3
14:57:19,6,8
14:57:20,10,14
14:57:21,0,3
14:57:22,0,3
14:57:23,20,23
14:57:24,0,3
14:57:25,1,3
14:57:26,0,2
14:57:27,0,3
14:57:28,0,3
14:57:29,1,3
14:57:30,0,3
14:57:31,1,3
14:57:32,1,3
14:57:33,0,3
14:57:34,1,3
14:57:35,0,3
14:57:36,1,2
14:57:37,0,2
14:57:38,0,3
14:57:39,0,3
14:57:40,1,3
14:57:41,1,3
14:57:42,0,3
14:57:43,0,3
14:57:44,0,3
14:57:45,3,6
14:57:46,1,4
14:57:47,1,4
14:57:48,0,6
14:57:50,1,4
14:57:51,0,5
14:57:52,1,5
14:57:53,1,3
14:57:54,1,3
14:57:55,0,3
14:57:56,0,3
14:57:57,0,3
14:57:58,0,2
14:57:59,0,3
14:58:00,0,3
14:58:01,0,3
14:58:02,0,3
14:58:03,0,2
14:58:04,1,3
14:58:05,1,3
14:58:06,1,3
14:58:07,0,3
14:58:08,1,3
14:58:09,1,4
14:58:10,1,3
14:58:11,0,3
14:58:12,0,3
14:58:13,0,3
14:58:14,0,2
14:58:15,0,4
14:58:16,1,3
14:58:17,1,3
14:58:18,1,502
14:58:21,0,3
14:58:22,1,8
14:58:23,0,3
14:58:24,1,3
14:58:25,500,4
14:58:28,0,3
14:58:29,0,2
14:58:30,0,2
14:58:31,0,3
14:58:32,1,3
14:58:33,0,3
14:58:34,0,3
14:58:35,0,3
14:58:36,13,16
14:58:37,0,2
14:58:38,1,3
14:58:39,1,3
14:58:40,1,3
14:58:41,0,2
14:58:42,0,3
14:58:43,0,3
14:58:44,4,8
14:58:45,0,3
14:58:46,3,5
14:58:47,1,3
14:58:48,1,3
14:58:49,0,3
14:58:51,1,3
14:58:52,1,3
14:58:53,0,3
14:58:54,0,2
14:58:55,0,3
14:58:56,0,3
14:58:57,0,2
14:58:58,0,2
14:58:59,0,3
14:59:00,1,4
14:59:01,1,3
14:59:02,0,2
14:59:03,1,3
14:59:04,1,3
14:59:05,0,2
14:59:06,0,3
14:59:07,0,2
14:59:08,0,3
14:59:09,1,3
14:59:10,0,2
14:59:11,0,3
14:59:12,0,2
14:59:13,0,3
14:59:14,1,5
14:59:15,0,3
14:59:16,1,3
14:59:17,1,3
14:59:18,1,2
14:59:19,0,2
14:59:20,1,3
14:59:21,1,2
14:59:22,0,3
14:59:23,1,3
14:59:24,0,3
14:59:25,1,3
14:59:26,0,3
14:59:27,1,3
14:59:28,0,3
14:59:29,1,3
14:59:30,1,3
14:59:31,0,2
14:59:32,0,3
14:59:33,0,3
14:59:34,1,3
14:59:35,1,3
14:59:36,0,3
14:59:37,0,3
14:59:38,1,3
14:59:39,0,3
14:59:40,0,3
14:59:41,0,3
14:59:42,1,3
14:59:43,2,5
14:59:44,1,3
14:59:45,1,4
14:59:46,0,2
14:59:47,15,17
14:59:48,8,11
14:59:50,0,3
14:59:51,3,4
14:59:52,1,3
14:59:53,0,4
14:59:54,0,4
14:59:55,0,2
14:59:56,0,3
14:59:57,0,2
14:59:58,0,2
14:59:59,0,2
15:00:00,1,2
15:00:01,0,2
15:00:02,1,3
15:00:03,1,3
15:00:04,0,2
15:00:05,0,3
15:00:06,1,3
15:00:07,0,3
15:00:08,0,2
15:00:09,1,2
15:00:10,0,2
15:00:11,0,2
15:00:12,0,3
15:00:13,0,2
15:00:14,0,2
15:00:15,1,3
15:00:16,0,3
15:00:17,1,3
15:00:18,1,3
15:00:19,0,3
15:00:20,0,2
15:00:21,0,2
15:00:22,0,2
15:00:23,0,2
15:00:24,0,3
15:00:25,0,3
15:00:26,0,2
15:00:27,0,3
15:00:28,0,9
15:00:29,0,2
15:00:30,3,4
15:00:31,0,3
15:00:32,0,2
15:00:33,0,2
15:00:34,0,2
15:00:35,0,3
15:00:36,0,2
15:00:37,0,2
15:00:38,1,3
15:00:39,0,2
15:00:40,0,2
15:00:41,0,3
15:00:42,0,3
15:00:43,0,2
15:00:44,1,3
15:00:45,0,2
15:00:46,0,2
15:00:47,1,3
15:00:48,1,3
15:00:49,0,3
15:00:50,0,2
15:00:52,0,3
15:00:53,1,3
15:00:54,4,6
15:00:55,0,3
15:00:56,0,2
15:00:57,2,4
15:00:58,0,3
15:00:59,0,3
15:01:00,1,3
15:01:01,0,2
15:01:02,8,10
15:01:03,1,3
15:01:04,0,2
15:01:05,0,2
15:01:06,0,4
15:01:07,0,2
15:01:08,0,3
15:01:09,1,3
15:01:10,0,2
15:01:11,0,3
15:01:12,1,3
15:01:13,1,3
15:01:14,1,3
15:01:15,1,4
15:01:16,0,2
15:01:17,0,5
15:01:18,1,4
15:01:19,0,2
15:01:20,0,2
15:01:21,0,2
15:01:22,0,3
15:01:23,0,3
15:01:24,0,3
15:01:25,0,2
15:01:26,1,3
15:01:27,0,3
15:01:28,0,3
15:01:29,0,2
15:01:30,0,2
15:01:31,1,3
15:01:32,0,2
15:01:33,1,3
15:01:34,1,2
15:01:35,0,3
15:01:36,0,3
15:01:37,1,3
15:01:38,0,2
15:01:39,0,2
15:01:40,1,3
15:01:41,0,3
15:01:42,0,2
15:01:43,0,3
15:01:44,1,3
15:01:45,1,2
15:01:46,0,3
15:01:47,0,2
15:01:48,0,3
15:01:49,1,3
15:01:50,1,4
15:01:51,1,3
15:01:52,1,3
15:01:54,1,3
15:01:55,0,2
15:01:56,1,3
15:01:57,0,2
15:01:58,1,3
15:01:59,0,2
15:02:00,0,3
15:02:01,0,2
15:02:02,0,3
15:02:03,0,3
15:02:04,1,3
15:02:05,0,3
15:02:06,0,2
15:02:07,0,4
15:02:08,0,2
15:02:09,1,3
15:02:10,1,3
15:02:11,0,3
15:02:12,0,2
15:02:13,0,3
15:02:14,0,2
15:02:15,1,3
15:02:16,0,3
15:02:17,1,3
15:02:18,3,5
15:02:19,0,4
15:02:20,0,3
15:02:21,0,2
15:02:22,1,3
15:02:23,0,2
15:02:24,0,2
15:02:25,0,3
15:02:26,0,2
15:02:27,0,2
15:02:28,0,3
15:02:29,0,3
15:02:30,0,2
15:02:31,0,2
15:02:32,0,2
15:02:33,1,3
15:02:34,0,2
15:02:35,0,2
15:02:36,0,3
15:02:37,0,3
15:02:38,0,2
15:02:39,0,4
15:02:40,0,2
15:02:41,0,2
15:02:42,0,2
15:02:43,1,3
15:02:44,0,3
15:02:45,0,2
15:02:46,0,2
15:02:47,0,2
15:02:48,0,3
15:02:49,0,4
15:02:50,0,2
15:02:51,0,3
15:02:52,0,3
15:02:53,0,2
15:02:54,0,3
15:02:55,0,2
15:02:56,1,3
15:02:57,0,2
15:02:59,0,2
15:03:00,0,3
15:03:01,0,2
15:03:02,0,2
15:03:03,0,3
15:03:04,1,3
15:03:05,1,3
15:03:06,0,2
15:03:07,0,3
15:03:08,2,4
15:03:09,0,3
15:03:10,0,3
15:03:11,0,2
15:03:12,0,2
15:03:13,1,4
15:03:14,0,2
15:03:15,1,3
15:03:16,1,4
15:03:17,1,3
15:03:18,2,3
15:03:19,0,2
15:03:20,0,3
15:03:21,1,9
15:03:22,1,3
15:03:23,1,3
15:03:24,1,3
15:03:25,1,3
15:03:26,1,3
15:03:27,0,2
15:03:28,0,2
15:03:29,1,3
15:03:30,14,18
15:03:31,3,6
15:03:32,0,3
15:03:33,1,3
15:03:34,0,3
15:03:35,1,3
15:03:36,0,2
15:03:37,0,2
15:03:38,1,3
15:03:39,1,3
15:03:40,0,2
15:03:41,1,3
15:03:42,0,4
15:03:43,0,2
15:03:44,0,2
15:03:45,1,3
15:03:46,0,3
15:03:47,1,3
15:03:48,1,3
15:03:49,0,2
15:03:50,0,2
15:03:51,0,3
15:03:52,0,2
15:03:53,0,2
15:03:54,0,3
15:03:55,0,3
15:03:57,0,3
15:03:58,1,4
15:03:59,0,2
15:04:00,0,2
15:04:01,0,3
15:04:02,0,3
15:04:03,0,3
15:04:04,0,2
15:04:05,0,2
